{
    "repository": "Control Assessments",
    "pull_requests_completed": 493,
    "threads_received": 3026,
    "comments_received": 3466,
    "total_commits": 3818,
    "total_turnaround_hours": 4845.026331498055,
    "average_threads_received": 6.137931034482759,
    "average_comments_received": 7.0304259634888435,
    "average_commits": 7.744421906693712,
    "average_turnaround_hours": 9.827639617643113
}