{
    "repository": "Control Assessments",
    "pull_requests_completed": 493,
    "comments_received": 2491,
    "total_commits": 3976,
    "total_turnaround_hours": 4845.026331498055,
    "average_comments_received": 5.052738336713996,
    "average_commits": 8.064908722109534,
    "average_turnaround_hours": 9.827639617643113
}