{
    "repository": "Total",
    "pull_requests_completed": 546,
    "comments_received": 2819,
    "total_commits": 4113,
    "total_turnaround_hours": 6091.318090756944,
    "average_comments_received": 5.163003663003663,
    "average_commits": 7.532967032967033,
    "average_turnaround_hours": 11.156260239481583
}