{
    "repository": "Venminder",
    "pull_requests_completed": 35,
    "comments_received": 242,
    "total_commits": 207,
    "total_turnaround_hours": 1008.9847172616664,
    "average_comments_received": 6.914285714285715,
    "average_commits": 5.914285714285715,
    "average_turnaround_hours": 28.828134778904754
}