{
    "repository": "vm-library",
    "pull_requests_completed": 17,
    "comments_received": 79,
    "total_commits": 78,
    "total_turnaround_hours": 235.85176421944445,
    "average_comments_received": 4.647058823529412,
    "average_commits": 4.588235294117647,
    "average_turnaround_hours": 13.873633189379085
}