{
    "repository": "Control Assessments",
    "pull_requests_requested": 644,
    "pull_requests_reviewed": 184,
    "comments_received": 7971,
    "comments_given": 879,
    "total_turnaround_hours": 25723.713574017496,
    "average_comments_received": 12.377329192546584,
    "average_comments_given": 1.3649068322981366,
    "average_turnaround_hours": 39.94365461803959
}