{
    "repository": "Total",
    "pull_requests_requested": 1341,
    "pull_requests_reviewed": 391,
    "comments_received": 13831,
    "comments_given": 1246,
    "total_turnaround_hours": 42974.45642703444,
    "average_comments_received": 10.313944817300522,
    "average_comments_given": 0.9291573452647278,
    "average_turnaround_hours": 32.046574516804206
}