{
    "repository": "Venminder",
    "pull_requests_requested": 550,
    "pull_requests_reviewed": 132,
    "comments_received": 4464,
    "comments_given": 225,
    "total_turnaround_hours": 13097.359208365004,
    "average_comments_received": 8.116363636363637,
    "average_comments_given": 0.4090909090909091,
    "average_turnaround_hours": 23.813380378845462
}