{
    "repository": "vm-library",
    "pull_requests_requested": 132,
    "pull_requests_reviewed": 72,
    "comments_received": 1285,
    "comments_given": 130,
    "total_turnaround_hours": 3512.7723287363888,
    "average_comments_received": 9.734848484848484,
    "average_comments_given": 0.9848484848484849,
    "average_turnaround_hours": 26.61191158133628
}