{
    "repository": "Total",
    "pull_requests_requested": 694,
    "pull_requests_reviewed": 190,
    "comments_received": 6399,
    "comments_given": 419,
    "total_turnaround_hours": 21834.00557903861,
    "average_comments_received": 9.220461095100864,
    "average_comments_given": 0.6037463976945245,
    "average_turnaround_hours": 31.461103139825088
}