{
    "repository": "Venminder",
    "pull_requests_requested": 345,
    "pull_requests_reviewed": 63,
    "comments_received": 2628,
    "comments_given": 93,
    "total_turnaround_hours": 7369.111655647778,
    "average_comments_received": 7.6173913043478265,
    "average_comments_given": 0.26956521739130435,
    "average_turnaround_hours": 21.35974392941385
}