{
    "repository": "Total",
    "pull_requests_completed": 3,
    "threads_received": 52,
    "comments_received": 98,
    "total_commits": 151,
    "total_turnaround_hours": 363.4021680480555,
    "average_threads_received": 17.333333333333332,
    "average_comments_received": 32.666666666666664,
    "average_commits": 50.333333333333336,
    "average_turnaround_hours": 121.1340560160185
}