{
    "repository": "Total",
    "pull_requests_completed": 3,
    "comments_received": 92,
    "total_commits": 313,
    "total_turnaround_hours": 363.4021680480555,
    "average_comments_received": 30.666666666666668,
    "average_commits": 104.33333333333333,
    "average_turnaround_hours": 121.1340560160185
}