{
    "repository": "Total",
    "pull_requests_requested": 578,
    "pull_requests_reviewed": 187,
    "comments_received": 6590,
    "comments_given": 778,
    "total_turnaround_hours": 18720.56200571389,
    "average_comments_received": 11.401384083044983,
    "average_comments_given": 1.3460207612456747,
    "average_turnaround_hours": 32.388515580819885
}