{
    "repository": "Venminder",
    "pull_requests_requested": 193,
    "pull_requests_reviewed": 68,
    "comments_received": 1704,
    "comments_given": 125,
    "total_turnaround_hours": 5355.922384654447,
    "average_comments_received": 8.82901554404145,
    "average_comments_given": 0.6476683937823834,
    "average_turnaround_hours": 27.750893184738068
}