{
    "repository": "Control Assessments",
    "pull_requests_completed": 231,
    "comments_received": 1153,
    "total_commits": 1823,
    "total_turnaround_hours": 2754.5741832841672,
    "average_comments_received": 4.991341991341991,
    "average_commits": 7.891774891774892,
    "average_turnaround_hours": 11.924563564000724
}