{
    "repository": "Control Assessments",
    "pull_requests_completed": 248,
    "comments_received": 1211,
    "total_commits": 1818,
    "total_turnaround_hours": 1945.0004849394436,
    "average_comments_received": 4.883064516129032,
    "average_commits": 7.330645161290323,
    "average_turnaround_hours": 7.8427438908848535
}