{
    "repository": "Control Assessments",
    "pull_requests_completed": 248,
    "threads_received": 1416,
    "comments_received": 1600,
    "total_commits": 1818,
    "total_turnaround_hours": 1945.0004849394436,
    "average_threads_received": 5.709677419354839,
    "average_comments_received": 6.451612903225806,
    "average_commits": 7.330645161290323,
    "average_turnaround_hours": 7.8427438908848535
}