{
    "repository": "Total",
    "pull_requests_completed": 272,
    "threads_received": 1563,
    "comments_received": 1753,
    "total_commits": 1928,
    "total_turnaround_hours": 2322.6773828847213,
    "average_threads_received": 5.7463235294117645,
    "average_comments_received": 6.444852941176471,
    "average_commits": 7.088235294117647,
    "average_turnaround_hours": 8.539255084135005
}