{
    "repository": "Total",
    "pull_requests_completed": 272,
    "comments_received": 1332,
    "total_commits": 1928,
    "total_turnaround_hours": 2322.6773828847213,
    "average_comments_received": 4.897058823529412,
    "average_commits": 7.088235294117647,
    "average_turnaround_hours": 8.539255084135005
}