{
    "repository": "vm-library",
    "pull_requests_completed": 7,
    "threads_received": 41,
    "comments_received": 45,
    "total_commits": 37,
    "total_turnaround_hours": 154.8457063802778,
    "average_threads_received": 5.857142857142857,
    "average_comments_received": 6.428571428571429,
    "average_commits": 5.285714285714286,
    "average_turnaround_hours": 22.12081519718254
}