{
    "repository": "vm-library",
    "pull_requests_completed": 7,
    "comments_received": 33,
    "total_commits": 37,
    "total_turnaround_hours": 154.8457063802778,
    "average_comments_received": 4.714285714285714,
    "average_commits": 5.285714285714286,
    "average_turnaround_hours": 22.12081519718254
}