{
    "repository": "Total",
    "pull_requests_requested": 38,
    "pull_requests_reviewed": 3,
    "comments_received": 455,
    "comments_given": 18,
    "total_turnaround_hours": 1004.3153080202778,
    "average_comments_received": 11.973684210526315,
    "average_comments_given": 0.47368421052631576,
    "average_turnaround_hours": 26.429350211059944
}