{
    "repository": "Total",
    "pull_requests_completed": 13,
    "comments_received": 124,
    "total_commits": 87,
    "total_turnaround_hours": 145.41721883000005,
    "average_comments_received": 9.538461538461538,
    "average_commits": 6.6923076923076925,
    "average_turnaround_hours": 11.185939910000004
}